{
    "schema_version": 2,
    "metadata": {
        "report_id": "REP-77472a9a",
        "timestamp": "2026-06-23 15:55:06",
        "model_name": "Random Forest Classifier",
        "parameters": {
            "n_estimators": 100,
            "max_depth": 12,
            "n_jobs": 3,
            "random_state": 42
        }
    },
    "dataset": {
        "total_rows": 46523,
        "class_distribution": {
            "0": 23389,
            "1": 23134
        },
        "train_size": 37218,
        "test_size": 9305
    },
    "hpc_performance": {
        "time_seq": 0.0032808450000061384,
        "time_par": 1.4833689849999985,
        "speedup": 0.0022117524588840865,
        "efficiency": 0.0005529381147210216,
        "num_workers": 4
    },
    "training_hpc_performance": {
        "sequential_time": 2.692337261000006,
        "parallel_time": 1.1231077189999894,
        "speedup": 2.397220868001203,
        "efficiency": 0.7990736226670676,
        "cores_used": 3
    },
    "model_performance": {
        "train": {
            "accuracy": 0.9998656564028159,
            "precision": 0.9998379079317052,
            "recall": 0.9998919327821906,
            "f1_score": 0.9998649196271782,
            "roc_auc": 0.9999999740098081
        },
        "test": {
            "accuracy": 0.999247716281569,
            "precision": 0.9997836434443964,
            "recall": 0.9987032634536417,
            "f1_score": 0.9992431614228565,
            "roc_auc": 0.9999454380126389
        },
        "cv": {
            "cv_recall_mean": 0.9984870414073261,
            "cv_recall_std": 0.00036655646311294006,
            "cv_folds": 5
        }
    }
}