{
    "schema_version": 2,
    "metadata": {
        "report_id": "REP-c8be42b9",
        "timestamp": "2026-06-23 17:52:59",
        "model_name": "Random Forest Classifier",
        "parameters": {
            "n_estimators": 100,
            "max_depth": 12,
            "n_jobs": 12,
            "random_state": 42
        }
    },
    "dataset": {
        "total_rows": 46523,
        "class_distribution": {
            "0": 23389,
            "1": 23134
        },
        "train_size": 37218,
        "test_size": 9305
    },
    "hpc_performance": {
        "time_seq": 0.0035969839999978603,
        "time_par": 1.4804774589999994,
        "speedup": 0.0024296107840962823,
        "efficiency": 0.0006074026960240706,
        "num_workers": 4
    },
    "training_hpc_performance": {
        "sequential_time": 2.7257828120000056,
        "parallel_time": 1.021167031999994,
        "speedup": 2.6692820337741003,
        "efficiency": 0.22244016948117504,
        "cores_used": 12
    },
    "model_performance": {
        "train": {
            "accuracy": 0.9998656564028159,
            "precision": 0.9998379079317052,
            "recall": 0.9998919327821906,
            "f1_score": 0.9998649196271782,
            "roc_auc": 0.999999974009808
        },
        "test": {
            "accuracy": 0.999247716281569,
            "precision": 0.9997836434443964,
            "recall": 0.9987032634536417,
            "f1_score": 0.9992431614228565,
            "roc_auc": 0.999945438012639
        },
        "cv": {
            "cv_recall_mean": 0.9984870414073261,
            "cv_recall_std": 0.00036655646311294006,
            "cv_folds": 5
        }
    }
}