{
    "schema_version": 2,
    "metadata": {
        "report_id": "REP-6b284f47",
        "timestamp": "2026-06-23 16:38:15",
        "model_name": "Random Forest Classifier",
        "parameters": {
            "n_estimators": 100,
            "max_depth": 12,
            "n_jobs": 7,
            "random_state": 42
        }
    },
    "dataset": {
        "total_rows": 46523,
        "class_distribution": {
            "0": 23389,
            "1": 23134
        },
        "train_size": 37218,
        "test_size": 9305
    },
    "hpc_performance": {
        "time_seq": 0.004157960000000571,
        "time_par": 1.4968002389999953,
        "speedup": 0.0027778990754160245,
        "efficiency": 0.0006944747688540061,
        "num_workers": 4
    },
    "training_hpc_performance": {
        "sequential_time": 2.993086863000002,
        "parallel_time": 1.0099804189999873,
        "speedup": 2.963509793549809,
        "efficiency": 0.423358541935687,
        "cores_used": 7
    },
    "model_performance": {
        "train": {
            "accuracy": 0.9998656564028159,
            "precision": 0.9998379079317052,
            "recall": 0.9998919327821906,
            "f1_score": 0.9998649196271782,
            "roc_auc": 0.9999999740098082
        },
        "test": {
            "accuracy": 0.999247716281569,
            "precision": 0.9997836434443964,
            "recall": 0.9987032634536417,
            "f1_score": 0.9992431614228565,
            "roc_auc": 0.9999454380126389
        },
        "cv": {
            "cv_recall_mean": 0.9984870414073261,
            "cv_recall_std": 0.00036655646311294006,
            "cv_folds": 5
        }
    }
}