{
    "schema_version": 2,
    "metadata": {
        "report_id": "REP-94d421f3",
        "timestamp": "2026-06-25 14:05:47",
        "model_name": "Random Forest Classifier",
        "parameters": {
            "n_estimators": 100,
            "max_depth": 12,
            "n_jobs": 14,
            "random_state": 42
        }
    },
    "dataset": {
        "total_rows": 46523,
        "class_distribution": {
            "0": 23389,
            "1": 23134
        },
        "train_size": 37218,
        "test_size": 9305
    },
    "hpc_performance": {
        "time_seq": 0.0036293880000073386,
        "time_par": 0.0056649179999936905,
        "speedup": 0.6406779409713222,
        "efficiency": 0.6406779409713222,
        "num_workers": 1
    },
    "training_hpc_performance": {
        "sequential_time": 2.7921776280000046,
        "parallel_time": 1.069275748999999,
        "speedup": 2.611279298732143,
        "efficiency": 0.1865199499094388,
        "cores_used": 14
    },
    "model_performance": {
        "train": {
            "accuracy": 0.9998656564028159,
            "precision": 0.9998379079317052,
            "recall": 0.9998919327821906,
            "f1_score": 0.9998649196271782,
            "roc_auc": 0.9999999740098082
        },
        "test": {
            "accuracy": 0.999247716281569,
            "precision": 0.9997836434443964,
            "recall": 0.9987032634536417,
            "f1_score": 0.9992431614228565,
            "roc_auc": 0.9999454380126389
        },
        "cv": {
            "cv_recall_mean": 0.9984870414073261,
            "cv_recall_std": 0.00036655646311294006,
            "cv_folds": 5
        }
    }
}