{
    "schema_version": 2,
    "metadata": {
        "report_id": "REP-c3feb5ca",
        "timestamp": "2026-06-23 00:46:31",
        "model_name": "Random Forest Classifier",
        "parameters": {
            "n_estimators": 100,
            "max_depth": 12,
            "n_jobs": -1,
            "random_state": 42
        }
    },
    "dataset": {
        "total_rows": 58047,
        "class_distribution": {
            "0": 29231,
            "1": 28816
        },
        "train_size": 46437,
        "test_size": 11610
    },
    "hpc_performance": {
        "time_seq": 0.00844699099999957,
        "time_par": 1.467355081000008,
        "speedup": 0.00575661004577223,
        "efficiency": 0.0014391525114430576,
        "num_workers": 4
    },
    "training_hpc_performance": {
        "sequential_time": 3.375751421000004,
        "parallel_time": 1.3461905160000072,
        "speedup": 2.5076327465376274,
        "efficiency": 0.6269081866344068,
        "cores_used": 4
    },
    "model_performance": {
        "train": {
            "accuracy": 0.9998492581346771,
            "precision": 0.9999132321041215,
            "recall": 0.9997831084891338,
            "f1_score": 0.999848166062946,
            "roc_auc": 0.999999975884454
        },
        "test": {
            "accuracy": 0.999052540913006,
            "precision": 0.9996525364836693,
            "recall": 0.9984383133784487,
            "f1_score": 0.9990450559944439,
            "roc_auc": 0.9999528285942466
        },
        "cv": {
            "cv_recall_mean": 0.998481740589207,
            "cv_recall_std": 0.00047524736671263366,
            "cv_folds": 5
        }
    }
}