{
    "schema_version": 2,
    "metadata": {
        "report_id": "REP-7732bc17",
        "timestamp": "2026-06-23 17:37:42",
        "model_name": "Random Forest Classifier",
        "parameters": {
            "n_estimators": 100,
            "max_depth": 12,
            "n_jobs": 10,
            "random_state": 42
        }
    },
    "dataset": {
        "total_rows": 46523,
        "class_distribution": {
            "0": 23389,
            "1": 23134
        },
        "train_size": 37218,
        "test_size": 9305
    },
    "hpc_performance": {
        "time_seq": 0.0036836120000032224,
        "time_par": 1.4623458530000164,
        "speedup": 0.0025189745588885537,
        "efficiency": 0.0006297436397221384,
        "num_workers": 4
    },
    "training_hpc_performance": {
        "sequential_time": 2.961281990999993,
        "parallel_time": 1.0338836190000222,
        "speedup": 2.8642314633673767,
        "efficiency": 0.28642314633673766,
        "cores_used": 10
    },
    "model_performance": {
        "train": {
            "accuracy": 0.9998656564028159,
            "precision": 0.9998379079317052,
            "recall": 0.9998919327821906,
            "f1_score": 0.9998649196271782,
            "roc_auc": 0.9999999740098082
        },
        "test": {
            "accuracy": 0.999247716281569,
            "precision": 0.9997836434443964,
            "recall": 0.9987032634536417,
            "f1_score": 0.9992431614228565,
            "roc_auc": 0.999945438012639
        },
        "cv": {
            "cv_recall_mean": 0.9984870414073261,
            "cv_recall_std": 0.00036655646311294006,
            "cv_folds": 5
        }
    }
}